# game instances,# players,avg %error
5,20,56.892857142857146
10,20,53.47619047619048
15,20,34.16269841269841
20,20,14.309523809523807
25,20,20.492063492063494
30,20,7.325396825396825
35,20,13.575396825396826
40,20,27.32539682539682
45,20,16.02777777777778
50,20,26.908730158730158
55,20,27.861111111111107
60,20,19.52777777777778
65,20,36.07539682539682
70,20,33.57539682539682
75,20,0.5555555555555556
80,20,36.07539682539682
85,20,0.0
90,20,0.0
95,20,0.0
100,20,0.0
105,20,0.0
110,20,0.0
115,20,0.0
120,20,0.0
125,20,0.0
130,20,0.0
135,20,0.0
140,20,0.0
145,20,0.0
150,20,0.0
155,20,0.0
160,20,0.0
165,20,0.0
170,20,0.0
175,20,0.0
180,20,0.0
185,20,0.0
190,20,0.0
195,20,0.0
200,20,0.0
205,20,0.0
210,20,0.0
215,20,0.0
220,20,0.0
225,20,0.0
230,20,0.0
235,20,0.0
240,20,0.0
245,20,0.0
250,20,0.0
255,20,0.0
260,20,0.0
265,20,0.0
270,20,0.0
275,20,0.0
280,20,0.0
285,20,0.0
290,20,0.0
295,20,0.0
300,20,0.0
305,20,0.0
310,20,0.0
315,20,0.0
320,20,0.0
325,20,0.0
330,20,0.0
335,20,0.0
340,20,0.0
345,20,0.0
350,20,0.0
355,20,0.0
360,20,0.0
365,20,0.0
370,20,0.0
375,20,0.0
380,20,0.0
385,20,0.0
390,20,0.0
395,20,0.0
400,20,0.0
405,20,0.0
410,20,0.0
415,20,0.0
420,20,0.0
425,20,0.0
430,20,0.0
435,20,0.0
440,20,0.0
445,20,0.0
450,20,0.0
455,20,0.0
460,20,0.0
465,20,0.0
470,20,0.0
475,20,0.0
480,20,0.0
485,20,0.0
490,20,0.0
495,20,0.0
500,20,0.0
505,20,0.0
510,20,0.0
515,20,0.0
520,20,0.0
525,20,0.0
530,20,0.0
535,20,0.0
540,20,0.0
545,20,0.0
550,20,0.0
555,20,0.0
560,20,0.0
565,20,0.0
570,20,0.0
575,20,0.0
580,20,0.0
585,20,0.0
590,20,0.0
595,20,0.0
600,20,0.0
605,20,0.0
610,20,0.0
615,20,0.0
620,20,0.0
625,20,0.0
630,20,0.0
635,20,0.0
640,20,0.0
645,20,0.0
650,20,0.0
655,20,0.0
660,20,0.0
665,20,0.0
670,20,0.0
675,20,0.0
680,20,0.0
685,20,0.0
690,20,0.0
695,20,0.0
700,20,0.0
705,20,0.0
710,20,0.0
715,20,0.0
720,20,0.0
725,20,0.0
730,20,0.0
735,20,0.0
740,20,0.0
745,20,0.0
750,20,0.0
755,20,0.0
760,20,0.0
765,20,0.0
770,20,0.0
775,20,0.0
780,20,0.0
785,20,0.0
790,20,0.0
795,20,0.0
800,20,0.0
805,20,0.0
810,20,0.0
815,20,0.0
820,20,0.0
825,20,0.0
830,20,0.0
835,20,0.0
840,20,0.0
845,20,0.0
850,20,0.0
855,20,0.0
860,20,0.0
865,20,0.0
870,20,0.0
875,20,0.0
880,20,0.0
885,20,0.0
890,20,0.0
895,20,0.0
900,20,0.0
905,20,0.0
910,20,0.0
915,20,0.0
920,20,0.0
925,20,0.0
930,20,0.0
935,20,0.0
940,20,0.0
945,20,0.0
950,20,0.0
955,20,0.0
960,20,0.0
965,20,0.0
970,20,0.0
975,20,0.0
980,20,0.0
985,20,0.0
990,20,0.0
995,20,0.0
1000,20,0.0
5,30,82.97766019988242
10,30,58.994708994709
15,30,50.43650793650794
20,30,41.521164021164026
25,30,33.61375661375662
30,30,26.44179894179894
35,30,34.42328042328042
40,30,38.89153439153439
45,30,26.15608465608466
50,30,28.378306878306876
55,30,24.873015873015877
60,30,23.928571428571434
65,30,34.595238095238095
70,30,39.595238095238095
75,30,31.817460317460316
80,30,21.32804232804233
85,30,36.44708994708995
90,30,33.113756613756614
95,30,21.415343915343914
100,30,13.939153439153438
105,30,35.335978835978835
110,30,25.22486772486773
115,30,35.335978835978835
120,30,34.22486772486773
125,30,25.193121693121693
130,30,34.22486772486773
135,30,35.891534391534385
140,30,35.891534391534385
145,30,35.891534391534385
150,30,25.66931216931217
155,30,35.891534391534385
160,30,0.0
165,30,0.0
170,30,0.0
175,30,0.0
180,30,0.0
185,30,0.0
190,30,0.0
195,30,0.0
200,30,35.891534391534385
205,30,0.0
210,30,0.0
215,30,35.891534391534385
220,30,0.0
225,30,0.0
230,30,0.0
235,30,0.0
240,30,0.0
245,30,0.0
250,30,0.0
255,30,0.0
260,30,0.0
265,30,0.0
270,30,0.0
275,30,0.0
280,30,0.0
285,30,0.0
290,30,0.0
295,30,0.0
300,30,0.0
305,30,0.0
310,30,0.0
315,30,37.0026455026455
320,30,0.0
325,30,0.0
330,30,0.0
335,30,0.0
340,30,0.0
345,30,0.0
350,30,0.0
355,30,0.0
360,30,0.0
365,30,0.0
370,30,0.0
375,30,0.0
380,30,0.0
385,30,0.0
390,30,0.0
395,30,0.0
400,30,0.0
405,30,0.0
410,30,0.0
415,30,0.0
420,30,0.0
425,30,0.0
430,30,0.0
435,30,0.0
440,30,0.0
445,30,0.0
450,30,0.0
455,30,0.0
460,30,0.0
465,30,0.0
470,30,0.0
475,30,0.0
480,30,0.0
485,30,0.0
490,30,0.0
495,30,0.0
500,30,0.0
505,30,0.0
510,30,0.0
515,30,0.0
520,30,0.0
525,30,0.0
530,30,0.0
535,30,0.0
540,30,0.0
545,30,0.0
550,30,0.0
555,30,0.0
560,30,0.0
565,30,0.0
570,30,0.0
575,30,0.0
580,30,0.0
585,30,0.0
590,30,0.0
595,30,0.0
600,30,0.0
605,30,0.0
610,30,0.0
615,30,0.0
620,30,0.0
625,30,0.0
630,30,0.0
635,30,0.0
640,30,0.0
645,30,0.0
650,30,0.0
655,30,0.0
660,30,0.0
665,30,0.0
670,30,0.0
675,30,0.0
680,30,0.0
685,30,0.0
690,30,0.0
695,30,0.0
700,30,0.0
705,30,0.0
710,30,0.0
715,30,0.0
720,30,0.0
725,30,0.0
730,30,0.0
735,30,0.0
740,30,0.0
745,30,0.0
750,30,0.0
755,30,0.0
760,30,0.0
765,30,0.0
770,30,0.0
775,30,0.0
780,30,0.0
785,30,0.0
790,30,0.0
795,30,0.0
800,30,0.0
805,30,0.0
810,30,0.0
815,30,0.0
820,30,0.0
825,30,0.0
830,30,0.0
835,30,0.0
840,30,0.0
845,30,0.0
850,30,0.0
855,30,0.0
860,30,0.0
865,30,0.0
870,30,0.0
875,30,0.0
880,30,0.0
885,30,0.0
890,30,0.0
895,30,0.0
900,30,0.0
905,30,0.0
910,30,0.0
915,30,0.0
920,30,0.0
925,30,0.0
930,30,0.0
935,30,0.0
940,30,0.0
945,30,0.0
950,30,0.0
955,30,0.0
960,30,0.0
965,30,0.0
970,30,0.0
975,30,0.0
980,30,0.0
985,30,0.0
990,30,0.0
995,30,0.0
1000,30,0.0
5,40,59.8399897593446
10,40,48.273809523809526
15,40,42.760912698412696
20,40,40.360119047619044
25,40,29.497023809523803
30,40,31.573412698412692
35,40,25.272817460317462
40,40,29.17460317460317
45,40,27.001984126984127
50,40,28.126984126984127
55,40,35.03571428571428
60,40,27.9156746031746
65,40,38.70238095238095
70,40,37.61210317460317
75,40,43.80952380952381
80,40,35.67162698412698
85,40,35.67162698412698
90,40,31.421626984126977
95,40,33.92162698412697
100,40,33.92162698412697
105,40,35.67162698412698
110,40,35.17162698412698
115,40,33.92162698412697
120,40,35.67162698412698
125,40,35.67162698412698
130,40,26.62996031746032
135,40,35.67162698412698
140,40,35.67162698412698
145,40,35.67162698412698
150,40,35.67162698412698
155,40,35.67162698412698
160,40,35.67162698412698
165,40,35.67162698412698
170,40,35.67162698412698
175,40,35.67162698412698
180,40,35.67162698412698
185,40,35.67162698412698
190,40,35.67162698412698
195,40,35.67162698412698
200,40,35.67162698412698
205,40,35.67162698412698
210,40,2.9166666666666665
215,40,35.67162698412698
220,40,35.67162698412698
225,40,35.67162698412698
230,40,35.67162698412698
235,40,35.67162698412698
240,40,35.67162698412698
245,40,35.67162698412698
250,40,35.67162698412698
255,40,35.67162698412698
260,40,35.67162698412698
265,40,0.0
270,40,35.67162698412698
275,40,0.0
280,40,0.0
285,40,0.0
290,40,0.0
295,40,35.67162698412698
300,40,35.67162698412698
305,40,0.0
310,40,0.0
315,40,0.0
320,40,0.0
325,40,0.0
330,40,34.42162698412697
335,40,0.0
340,40,0.0
345,40,0.0
350,40,0.0
355,40,0.0
360,40,0.0
365,40,0.0
370,40,0.0
375,40,0.0
380,40,0.0
385,40,0.0
390,40,0.0
395,40,0.0
400,40,0.0
405,40,0.0
410,40,0.0
415,40,0.0
420,40,0.0
425,40,0.0
430,40,0.0
435,40,0.0
440,40,0.0
445,40,0.0
450,40,0.0
455,40,0.0
460,40,0.0
465,40,0.0
470,40,0.0
475,40,0.0
480,40,0.0
485,40,0.0
490,40,0.0
495,40,0.0
500,40,0.0
505,40,0.0
510,40,0.0
515,40,0.0
520,40,0.0
525,40,0.0
530,40,0.0
535,40,0.0
540,40,0.0
545,40,0.0
550,40,0.0
555,40,0.0
560,40,0.0
565,40,0.0
570,40,0.0
575,40,0.0
580,40,0.0
585,40,0.0
590,40,0.0
595,40,0.0
600,40,0.0
605,40,0.0
610,40,0.0
615,40,0.0
620,40,0.0
625,40,0.0
630,40,0.0
635,40,0.0
640,40,0.0
645,40,0.0
650,40,0.0
655,40,0.0
660,40,0.0
665,40,0.0
670,40,0.0
675,40,0.0
680,40,0.0
685,40,0.0
690,40,0.0
695,40,0.0
700,40,0.0
705,40,0.0
710,40,0.0
715,40,0.0
720,40,0.0
725,40,0.0
730,40,0.0
735,40,0.0
740,40,0.0
745,40,0.0
750,40,0.0
755,40,0.0
760,40,0.0
765,40,0.0
770,40,0.0
775,40,0.0
780,40,0.0
785,40,0.0
790,40,0.0
795,40,0.0
800,40,0.0
805,40,0.0
810,40,0.0
815,40,0.0
820,40,0.0
825,40,0.0
830,40,0.0
835,40,0.0
840,40,0.0
845,40,0.0
850,40,0.0
855,40,0.0
860,40,0.0
865,40,0.0
870,40,0.0
875,40,0.0
880,40,0.0
885,40,0.0
890,40,0.0
895,40,0.0
900,40,0.0
905,40,0.0
910,40,0.0
915,40,0.0
920,40,0.0
925,40,0.0
930,40,0.0
935,40,0.0
940,40,0.0
945,40,0.0
950,40,0.0
955,40,0.0
960,40,0.0
965,40,0.0
970,40,0.0
975,40,0.0
980,40,0.0
985,40,0.0
990,40,0.0
995,40,0.0
1000,40,0.0
5,50,64.92979242979244
10,50,54.511408730158735
15,50,55.72562358276645
20,50,54.14285714285715
25,50,49.86904761904762
30,50,47.340476190476195
35,50,47.102380952380955
40,50,41.5468253968254
45,50,33.24444444444445
50,50,36.467460317460315
55,50,27.309523809523807
60,50,23.824603174603176
65,50,24.932539682539687
70,50,37.280158730158725
75,50,32.835714285714275
80,50,30.269047619047615
85,50,35.335714285714275
90,50,30.994444444444444
95,50,40.746825396825386
100,50,46.19920634920634
105,50,34.43888888888889
110,50,30.619841269841267
115,50,40.380158730158726
120,50,36.48888888888889
125,50,47.81349206349207
130,50,34.11984126984126
135,50,34.11190476190475
140,50,37.01428571428571
145,50,28.61190476190476
150,50,50.130158730158726
155,50,35.01190476190476
160,50,30.926190476190474
165,50,31.426190476190474
170,50,34.11190476190475
175,50,34.11190476190475
180,50,34.11190476190475
185,50,34.11190476190475
190,50,34.11190476190475
195,50,34.11190476190475
200,50,34.11190476190475
205,50,34.11190476190475
210,50,34.11190476190475
215,50,34.11190476190475
220,50,34.11190476190475
225,50,32.11190476190475
230,50,32.11190476190475
235,50,32.11190476190475
240,50,34.11190476190475
245,50,32.11190476190475
250,50,34.11190476190475
255,50,34.11190476190475
260,50,34.11190476190475
265,50,34.11190476190475
270,50,34.11190476190475
275,50,34.11190476190475
280,50,34.11190476190475
285,50,34.11190476190475
290,50,34.11190476190475
295,50,34.11190476190475
300,50,34.11190476190475
305,50,34.11190476190475
310,50,34.11190476190475
315,50,34.11190476190475
320,50,34.11190476190475
325,50,34.11190476190475
330,50,34.11190476190475
335,50,34.11190476190475
340,50,34.11190476190475
345,50,34.11190476190475
350,50,34.11190476190475
355,50,34.11190476190475
360,50,34.11190476190475
365,50,34.11190476190475
370,50,34.11190476190475
375,50,34.11190476190475
380,50,34.11190476190475
385,50,34.11190476190475
390,50,34.11190476190475
395,50,34.11190476190475
400,50,34.11190476190475
405,50,34.11190476190475
410,50,34.11190476190475
415,50,34.11190476190475
420,50,34.11190476190475
425,50,34.11190476190475
430,50,34.11190476190475
435,50,34.11190476190475
440,50,34.11190476190475
445,50,34.11190476190475
450,50,34.11190476190475
455,50,34.11190476190475
460,50,34.11190476190475
465,50,34.11190476190475
470,50,34.11190476190475
475,50,34.11190476190475
480,50,34.11190476190475
485,50,34.11190476190475
490,50,34.11190476190475
495,50,34.11190476190475
500,50,34.11190476190475
505,50,34.11190476190475
510,50,34.11190476190475
515,50,34.11190476190475
520,50,34.11190476190475
525,50,34.11190476190475
530,50,34.11190476190475
535,50,34.11190476190475
540,50,34.11190476190475
545,50,34.11190476190475
550,50,34.11190476190475
555,50,34.11190476190475
560,50,34.11190476190475
565,50,34.11190476190475
570,50,34.11190476190475
575,50,34.11190476190475
580,50,34.11190476190475
585,50,34.11190476190475
590,50,34.11190476190475
595,50,34.11190476190475
600,50,34.11190476190475
605,50,34.11190476190475
610,50,34.11190476190475
615,50,34.11190476190475
620,50,34.11190476190475
625,50,34.11190476190475
630,50,34.11190476190475
635,50,34.11190476190475
640,50,34.11190476190475
645,50,34.11190476190475
650,50,34.11190476190475
655,50,34.11190476190475
660,50,34.11190476190475
665,50,34.11190476190475
670,50,34.11190476190475
675,50,34.11190476190475
680,50,34.11190476190475
685,50,34.11190476190475
690,50,34.11190476190475
695,50,34.11190476190475
700,50,34.11190476190475
705,50,34.11190476190475
710,50,34.11190476190475
715,50,34.11190476190475
720,50,34.11190476190475
725,50,34.11190476190475
730,50,34.11190476190475
735,50,34.11190476190475
740,50,34.11190476190475
745,50,34.11190476190475
750,50,34.11190476190475
755,50,34.11190476190475
760,50,34.11190476190475
765,50,34.11190476190475
770,50,34.11190476190475
775,50,34.11190476190475
780,50,34.11190476190475
785,50,34.11190476190475
790,50,34.11190476190475
795,50,34.11190476190475
800,50,34.11190476190475
805,50,34.11190476190475
810,50,34.11190476190475
815,50,34.11190476190475
820,50,34.11190476190475
825,50,34.11190476190475
830,50,34.11190476190475
835,50,34.11190476190475
840,50,34.11190476190475
845,50,34.11190476190475
850,50,34.11190476190475
855,50,34.11190476190475
860,50,34.11190476190475
865,50,34.11190476190475
870,50,34.11190476190475
875,50,34.11190476190475
880,50,34.11190476190475
885,50,34.11190476190475
890,50,34.11190476190475
895,50,34.11190476190475
900,50,34.11190476190475
905,50,34.11190476190475
910,50,34.11190476190475
915,50,34.11190476190475
920,50,34.11190476190475
925,50,34.11190476190475
930,50,34.11190476190475
935,50,34.11190476190475
940,50,34.11190476190475
945,50,34.11190476190475
950,50,34.11190476190475
955,50,34.11190476190475
960,50,34.11190476190475
965,50,34.11190476190475
970,50,34.11190476190475
975,50,34.11190476190475
980,50,34.11190476190475
985,50,34.11190476190475
990,50,34.11190476190475
995,50,34.11190476190475
1000,50,34.11190476190475
5,60,48.29365079365079
10,60,49.98236331569665
15,60,51.473544973544975
20,60,52.56944444444444
25,60,53.73677248677248
30,60,43.451719576719576
35,60,40.91534391534391
40,60,37.29034391534391
45,60,38.20039682539682
50,60,31.988095238095244
55,60,43.75595238095239
60,60,47.865079365079374
65,60,38.17592592592593
70,60,40.220238095238095
75,60,47.7638888888889
80,60,31.802248677248677
85,60,38.766534391534385
90,60,51.68716931216931
95,60,39.2962962962963
100,60,43.19179894179894
105,60,42.25925925925926
110,60,40.46560846560847
115,60,39.68783068783069
120,60,41.354497354497354
125,60,41.842592592592595
130,60,47.30555555555555
135,60,42.81481481481481
140,60,37.822751322751316
145,60,36.69576719576718
150,60,41.58068783068783
155,60,40.82407407407408
160,60,33.080026455026456
165,60,41.43518518518519
170,60,42.173280423280424
175,60,34.48478835978836
180,60,41.10185185185185
185,60,41.10185185185185
190,60,36.21626984126984
195,60,36.36441798941799
200,60,37.74603174603174
205,60,33.56679894179894
210,60,36.03108465608465
215,60,33.90013227513227
220,60,35.01322751322752
225,60,33.90013227513227
230,60,35.22156084656085
235,60,34.88822751322752
240,60,48.71031746031746
245,60,48.948412698412696
250,60,52.42989417989418
255,60,32.21494708994708
260,60,32.21494708994708
265,60,32.21494708994708
270,60,32.21494708994708
275,60,32.21494708994708
280,60,32.21494708994708
285,60,32.21494708994708
290,60,32.21494708994708
295,60,32.21494708994708
300,60,32.21494708994708
305,60,32.21494708994708
310,60,32.21494708994708
315,60,32.21494708994708
320,60,32.21494708994708
325,60,32.21494708994708
330,60,32.21494708994708
335,60,30.548280423280417
340,60,32.21494708994708
345,60,32.21494708994708
350,60,32.21494708994708
355,60,32.21494708994708
360,60,32.21494708994708
365,60,32.21494708994708
370,60,32.21494708994708
375,60,32.21494708994708
380,60,32.21494708994708
385,60,32.21494708994708
390,60,32.21494708994708
395,60,32.21494708994708
400,60,32.21494708994708
405,60,32.21494708994708
410,60,30.548280423280417
415,60,32.21494708994708
420,60,32.21494708994708
425,60,32.21494708994708
430,60,32.21494708994708
435,60,32.21494708994708
440,60,32.21494708994708
445,60,32.21494708994708
450,60,32.21494708994708
455,60,32.21494708994708
460,60,32.21494708994708
465,60,32.21494708994708
470,60,32.21494708994708
475,60,32.21494708994708
480,60,32.21494708994708
485,60,32.21494708994708
490,60,32.21494708994708
495,60,32.21494708994708
500,60,32.21494708994708
505,60,32.21494708994708
510,60,32.21494708994708
515,60,32.21494708994708
520,60,32.21494708994708
525,60,32.21494708994708
530,60,32.21494708994708
535,60,32.21494708994708
540,60,32.21494708994708
545,60,32.21494708994708
550,60,32.21494708994708
555,60,32.21494708994708
560,60,32.21494708994708
565,60,32.21494708994708
570,60,32.21494708994708
575,60,32.21494708994708
580,60,32.21494708994708
585,60,32.21494708994708
590,60,32.21494708994708
595,60,32.21494708994708
600,60,32.21494708994708
605,60,32.21494708994708
610,60,32.21494708994708
615,60,32.21494708994708
620,60,32.21494708994708
625,60,32.21494708994708
630,60,32.21494708994708
635,60,32.21494708994708
640,60,32.21494708994708
645,60,32.21494708994708
650,60,32.21494708994708
655,60,32.21494708994708
660,60,32.21494708994708
665,60,32.21494708994708
670,60,32.21494708994708
675,60,32.21494708994708
680,60,32.21494708994708
685,60,32.21494708994708
690,60,32.21494708994708
695,60,32.21494708994708
700,60,32.21494708994708
705,60,32.21494708994708
710,60,32.21494708994708
715,60,32.21494708994708
720,60,32.21494708994708
725,60,32.21494708994708
730,60,32.21494708994708
735,60,32.21494708994708
740,60,32.21494708994708
745,60,32.21494708994708
750,60,32.21494708994708
755,60,32.21494708994708
760,60,32.21494708994708
765,60,32.21494708994708
770,60,32.21494708994708
775,60,32.21494708994708
780,60,32.21494708994708
785,60,32.21494708994708
790,60,32.21494708994708
795,60,32.21494708994708
800,60,32.21494708994708
805,60,32.21494708994708
810,60,32.21494708994708
815,60,32.21494708994708
820,60,32.21494708994708
825,60,32.21494708994708
830,60,32.21494708994708
835,60,32.21494708994708
840,60,32.21494708994708
845,60,32.21494708994708
850,60,32.21494708994708
855,60,32.21494708994708
860,60,32.21494708994708
865,60,32.21494708994708
870,60,32.21494708994708
875,60,32.21494708994708
880,60,32.21494708994708
885,60,32.21494708994708
890,60,32.21494708994708
895,60,32.21494708994708
900,60,32.21494708994708
905,60,32.21494708994708
910,60,32.21494708994708
915,60,32.21494708994708
920,60,32.21494708994708
925,60,32.21494708994708
930,60,32.21494708994708
935,60,32.21494708994708
940,60,32.21494708994708
945,60,32.21494708994708
950,60,32.21494708994708
955,60,32.21494708994708
960,60,32.21494708994708
965,60,32.21494708994708
970,60,32.21494708994708
975,60,32.21494708994708
980,60,32.21494708994708
985,60,32.21494708994708
990,60,32.21494708994708
995,60,32.21494708994708
1000,60,32.21494708994708
5,70,71.84185056136273
10,70,55.150935374149654
15,70,53.81379731379731
20,70,51.034080298786186
25,70,52.27915804002762
30,70,49.59070294784579
35,70,37.91269841269842
40,70,35.59183673469388
45,70,30.706916099773238
50,70,46.843537414965986
55,70,46.18990929705215
60,70,39.92403628117915
65,70,44.647392290249435
70,70,44.34410430839003
75,70,46.359410430839
80,70,38.16439909297052
85,70,39.62471655328799
90,70,35.17063492063492
95,70,50.82482993197278
100,70,42.20578231292518
105,70,32.30952380952381
110,70,43.66609977324263
115,70,45.928004535147394
120,70,52.12188208616779
125,70,46.91950113378685
130,70,49.94331065759636
135,70,56.34807256235826
140,70,52.85997732426302
145,70,49.419501133786845
150,70,48.348072562358276
155,70,51.9019274376417
160,70,52.17743764172334
165,70,48.3798185941043
170,70,49.30668934240361
175,70,52.34410430839
180,70,49.48526077097504
185,70,47.648526077097486
190,70,31.789115646258495
195,70,50.73696145124714
200,70,50.73696145124714
205,70,50.73696145124714
210,70,30.33276643990929
215,70,50.532879818594076
220,70,51.570294784580476
225,70,51.12811791383218
230,70,46.444444444444436
235,70,30.33276643990929
240,70,30.33276643990929
245,70,50.77097505668932
250,70,50.97505668934238
255,70,50.97505668934238
260,70,49.53287981859409
265,70,30.33276643990929
270,70,30.33276643990929
275,70,30.33276643990929
280,70,30.33276643990929
285,70,30.33276643990929
290,70,48.80498866213151
295,70,30.33276643990929
300,70,30.33276643990929
305,70,51.85600907029476
310,70,30.33276643990929
315,70,30.33276643990929
320,70,30.33276643990929
325,70,30.33276643990929
330,70,30.33276643990929
335,70,30.33276643990929
340,70,30.33276643990929
345,70,30.33276643990929
350,70,30.33276643990929
355,70,30.33276643990929
360,70,30.33276643990929
365,70,30.33276643990929
370,70,30.33276643990929
375,70,30.33276643990929
380,70,30.33276643990929
385,70,30.33276643990929
390,70,30.33276643990929
395,70,30.33276643990929
400,70,30.33276643990929
405,70,30.33276643990929
410,70,30.33276643990929
415,70,30.33276643990929
420,70,30.33276643990929
425,70,30.33276643990929
430,70,30.33276643990929
435,70,30.33276643990929
440,70,30.33276643990929
445,70,30.33276643990929
450,70,30.33276643990929
455,70,30.33276643990929
460,70,30.33276643990929
465,70,30.33276643990929
470,70,30.33276643990929
475,70,30.33276643990929
480,70,30.33276643990929
485,70,30.33276643990929
490,70,30.33276643990929
495,70,30.33276643990929
500,70,30.33276643990929
505,70,30.33276643990929
510,70,30.33276643990929
515,70,30.33276643990929
520,70,30.33276643990929
525,70,30.33276643990929
530,70,30.33276643990929
535,70,30.33276643990929
540,70,30.33276643990929
545,70,30.33276643990929
550,70,30.33276643990929
555,70,30.33276643990929
560,70,30.33276643990929
565,70,30.33276643990929
570,70,30.33276643990929
575,70,30.33276643990929
580,70,30.33276643990929
585,70,30.33276643990929
590,70,30.33276643990929
595,70,30.33276643990929
600,70,30.33276643990929
605,70,30.33276643990929
610,70,30.33276643990929
615,70,30.33276643990929
620,70,30.33276643990929
625,70,30.33276643990929
630,70,30.33276643990929
635,70,30.33276643990929
640,70,30.33276643990929
645,70,30.33276643990929
650,70,30.33276643990929
655,70,30.33276643990929
660,70,30.33276643990929
665,70,30.33276643990929
670,70,30.33276643990929
675,70,30.33276643990929
680,70,30.33276643990929
685,70,30.33276643990929
690,70,30.33276643990929
695,70,30.33276643990929
700,70,30.33276643990929
705,70,30.33276643990929
710,70,30.33276643990929
715,70,30.33276643990929
720,70,30.33276643990929
725,70,30.33276643990929
730,70,30.33276643990929
735,70,30.33276643990929
740,70,30.33276643990929
745,70,30.33276643990929
750,70,30.33276643990929
755,70,30.33276643990929
760,70,30.33276643990929
765,70,30.33276643990929
770,70,30.33276643990929
775,70,30.33276643990929
780,70,30.33276643990929
785,70,30.33276643990929
790,70,30.33276643990929
795,70,30.33276643990929
800,70,30.33276643990929
805,70,30.33276643990929
810,70,30.33276643990929
815,70,30.33276643990929
820,70,30.33276643990929
825,70,30.33276643990929
830,70,30.33276643990929
835,70,30.33276643990929
840,70,30.33276643990929
845,70,30.33276643990929
850,70,30.33276643990929
855,70,30.33276643990929
860,70,30.33276643990929
865,70,30.33276643990929
870,70,30.33276643990929
875,70,30.33276643990929
880,70,30.33276643990929
885,70,30.33276643990929
890,70,30.33276643990929
895,70,30.33276643990929
900,70,30.33276643990929
905,70,30.33276643990929
910,70,30.33276643990929
915,70,30.33276643990929
920,70,30.33276643990929
925,70,30.33276643990929
930,70,30.33276643990929
935,70,30.33276643990929
940,70,30.33276643990929
945,70,30.33276643990929
950,70,30.33276643990929
955,70,30.33276643990929
960,70,30.33276643990929
965,70,30.33276643990929
970,70,30.33276643990929
975,70,30.33276643990929
980,70,30.33276643990929
985,70,30.33276643990929
990,70,30.33276643990929
995,70,30.33276643990929
1000,70,30.33276643990929
5,80,49.61545729402873
10,80,53.568909045099524
15,80,48.81441617742987
20,80,46.07193088205747
25,80,43.06398809523809
30,80,38.95039682539682
35,80,34.120039682539684
40,80,34.05257936507937
45,80,41.50496031746032
50,80,42.789186507936506
55,80,38.65376984126984
60,80,40.86111111111111
65,80,43.27480158730159
70,80,39.996527777777786
75,80,43.19444444444444
80,80,47.043650793650784
85,80,47.100694444444436
90,80,48.789682539682524
95,80,54.42261904761904
100,80,43.670138888888886
105,80,57.41517857142857
110,80,39.44146825396825
115,80,54.499503968253954
120,80,42.937499999999986
125,80,45.37499999999999
130,80,52.35863095238094
135,80,43.316468253968246
140,80,52.86458333333333
145,80,49.87152777777777
150,80,50.86111111111111
155,80,43.76091269841269
160,80,51.034722222222214
165,80,51.98263888888888
170,80,53.48263888888888
175,80,58.12152777777776
180,80,61.4499007936508
185,80,51.1220238095238
190,80,57.615575396825385
195,80,53.52430555555554
200,80,49.81845238095237
205,80,60.47470238095237
210,80,52.915178571428555
215,80,52.16369047619046
220,80,51.06994047619047
225,80,47.43700396825396
230,80,48.90178571428571
235,80,48.90178571428571
240,80,48.4280753968254
245,80,46.529265873015866
250,80,48.8343253968254
255,80,47.9593253968254
260,80,49.00099206349206
265,80,47.78075396825397
270,80,47.9593253968254
275,80,49.556547619047606
280,80,49.00099206349206
285,80,49.00099206349206
290,80,49.98511904761904
295,80,49.00099206349206
300,80,48.75099206349206
305,80,49.16765873015872
310,80,49.98511904761904
315,80,48.75099206349206
320,80,49.13988095238095
325,80,49.806547619047606
330,80,49.13988095238095
335,80,49.806547619047606
340,80,48.3343253968254
345,80,48.3343253968254
350,80,49.66765873015872
355,80,48.5843253968254
360,80,28.831845238095234
365,80,28.831845238095234
370,80,28.831845238095234
375,80,49.00099206349206
380,80,28.831845238095234
385,80,28.831845238095234
390,80,28.831845238095234
395,80,28.831845238095234
400,80,28.831845238095234
405,80,28.831845238095234
410,80,28.831845238095234
415,80,28.831845238095234
420,80,28.831845238095234
425,80,49.66765873015872
430,80,49.25099206349206
435,80,28.831845238095234
440,80,28.831845238095234
445,80,28.831845238095234
450,80,28.831845238095234
455,80,28.831845238095234
460,80,28.831845238095234
465,80,49.00099206349206
470,80,28.831845238095234
475,80,28.831845238095234
480,80,28.831845238095234
485,80,48.68849206349206
490,80,28.831845238095234
495,80,28.653273809523803
500,80,49.806547619047606
505,80,28.653273809523803
510,80,28.653273809523803
515,80,49.556547619047606
520,80,28.653273809523803
525,80,28.653273809523803
530,80,28.653273809523803
535,80,28.653273809523803
540,80,28.653273809523803
545,80,28.653273809523803
550,80,28.653273809523803
555,80,28.653273809523803
560,80,28.831845238095234
565,80,28.653273809523803
570,80,28.653273809523803
575,80,28.831845238095234
580,80,28.831845238095234
585,80,28.653273809523803
590,80,28.831845238095234
595,80,28.831845238095234
600,80,28.831845238095234
605,80,28.831845238095234
610,80,49.556547619047606
615,80,28.831845238095234
620,80,28.831845238095234
625,80,28.831845238095234
630,80,49.556547619047606
635,80,28.831845238095234
640,80,28.831845238095234
645,80,28.831845238095234
650,80,28.831845238095234
655,80,28.831845238095234
660,80,28.831845238095234
665,80,28.653273809523803
670,80,28.653273809523803
675,80,28.653273809523803
680,80,28.653273809523803
685,80,28.653273809523803
690,80,49.806547619047606
695,80,28.831845238095234
700,80,49.806547619047606
705,80,49.806547619047606
710,80,49.806547619047606
715,80,28.831845238095234
720,80,49.806547619047606
725,80,28.653273809523803
730,80,28.653273809523803
735,80,49.806547619047606
740,80,49.806547619047606
745,80,28.653273809523803
750,80,28.653273809523803
755,80,28.653273809523803
760,80,28.653273809523803
765,80,28.653273809523803
770,80,28.653273809523803
775,80,28.653273809523803
780,80,28.653273809523803
785,80,28.653273809523803
790,80,28.653273809523803
795,80,28.653273809523803
800,80,28.653273809523803
805,80,28.653273809523803
810,80,28.653273809523803
815,80,28.653273809523803
820,80,28.653273809523803
825,80,28.653273809523803
830,80,28.653273809523803
835,80,28.653273809523803
840,80,28.653273809523803
845,80,28.653273809523803
850,80,28.653273809523803
855,80,28.653273809523803
860,80,28.653273809523803
865,80,28.653273809523803
870,80,28.653273809523803
875,80,28.653273809523803
880,80,28.653273809523803
885,80,28.653273809523803
890,80,28.653273809523803
895,80,28.653273809523803
900,80,28.653273809523803
905,80,28.653273809523803
910,80,28.653273809523803
915,80,28.653273809523803
920,80,28.653273809523803
925,80,28.653273809523803
930,80,28.653273809523803
935,80,28.653273809523803
940,80,28.653273809523803
945,80,28.653273809523803
950,80,28.653273809523803
955,80,28.653273809523803
960,80,28.653273809523803
965,80,28.653273809523803
970,80,28.653273809523803
975,80,28.653273809523803
980,80,28.653273809523803
985,80,28.653273809523803
990,80,28.653273809523803
995,80,28.653273809523803
1000,80,28.653273809523803
5,90,62.23544973544974
10,90,48.69166074389956
15,90,56.30148683946153
20,90,51.32889266817837
25,90,49.704688076781096
30,90,43.99768146959158
35,90,44.01807760141094
40,90,43.40652557319223
45,90,38.93298059964726
50,90,41.157848324514994
55,90,35.75264550264551
60,90,37.01499118165784
65,90,40.47398589065255
70,90,45.61375661375661
75,90,40.69179894179894
80,90,44.194885361552025
85,90,50.103174603174594
90,90,42.04761904761904
95,90,44.82804232804233
100,90,48.95855379188712
105,90,47.03880070546737
110,90,44.510141093474424
115,90,45.06305114638447
120,90,50.977072310405646
125,90,43.97663139329806
130,90,51.458553791887134
135,90,50.947971781305114
140,90,55.51851851851854
145,90,46.92548500881833
150,90,40.566578483245145
155,90,45.197530864197525
160,90,50.33862433862434
165,90,47.22795414462081
170,90,49.536596119929456
175,90,51.4916225749559
180,90,48.53483245149913
185,90,53.547178130511455
190,90,50.71384479717813
195,90,49.880511463844805
200,90,46.10626102292768
205,90,46.9916225749559
210,90,48.1089065255732
215,90,50.19532627865961
220,90,49.60273368606702
225,90,49.04717813051146
230,90,48.908289241622576
235,90,47.451499118165785
240,90,50.05643738977073
245,90,50.48853615520283
250,90,49.655202821869494
255,90,49.655202821869494
260,90,50.21075837742505
265,90,50.33421516754851
270,90,50.33421516754851
275,90,49.96384479717814
280,90,49.64638447971782
285,90,47.654320987654316
290,90,49.74162257495591
295,90,50.111992945326286
300,90,48.31305114638448
305,90,48.749559082892425
310,90,48.749559082892425
315,90,50.111992945326286
320,90,48.59082892416226
325,90,49.55643738977073
330,90,50.111992945326286
335,90,49.46384479717813
340,90,47.85008818342151
345,90,48.035273368606695
350,90,48.194003527336854
355,90,47.85008818342151
360,90,49.46384479717813
365,90,49.305114638447975
370,90,49.46384479717813
375,90,50.111992945326286
380,90,48.00881834215167
385,90,49.490299823633165
390,90,49.83421516754851
395,90,49.67548500881834
400,90,49.83421516754851
405,90,49.67548500881834
410,90,49.67548500881834
415,90,49.11992945326279
420,90,49.11992945326279
425,90,49.11992945326279
430,90,49.95326278659612
435,90,28.94488536155203
440,90,48.101410934744266
445,90,48.101410934744266
450,90,49.67548500881834
455,90,28.94488536155203
460,90,28.94488536155203
465,90,28.94488536155203
470,90,28.94488536155203
475,90,28.94488536155203
480,90,28.94488536155203
485,90,28.94488536155203
490,90,28.94488536155203
495,90,28.94488536155203
500,90,28.94488536155203
505,90,28.94488536155203
510,90,28.94488536155203
515,90,28.94488536155203
520,90,28.94488536155203
525,90,28.94488536155203
530,90,28.94488536155203
535,90,28.94488536155203
540,90,28.94488536155203
545,90,28.94488536155203
550,90,28.94488536155203
555,90,28.94488536155203
560,90,28.94488536155203
565,90,28.94488536155203
570,90,28.94488536155203
575,90,28.94488536155203
580,90,28.94488536155203
585,90,28.94488536155203
590,90,28.94488536155203
595,90,28.94488536155203
600,90,28.94488536155203
605,90,28.94488536155203
610,90,28.94488536155203
615,90,28.94488536155203
620,90,28.94488536155203
625,90,28.94488536155203
630,90,28.94488536155203
635,90,28.94488536155203
640,90,28.94488536155203
645,90,28.94488536155203
650,90,28.94488536155203
655,90,28.94488536155203
660,90,28.94488536155203
665,90,28.94488536155203
670,90,28.94488536155203
675,90,28.94488536155203
680,90,28.94488536155203
685,90,28.94488536155203
690,90,28.94488536155203
695,90,28.94488536155203
700,90,28.94488536155203
705,90,28.94488536155203
710,90,28.94488536155203
715,90,28.94488536155203
720,90,28.94488536155203
725,90,28.94488536155203
730,90,28.94488536155203
735,90,28.94488536155203
740,90,28.94488536155203
745,90,28.94488536155203
750,90,28.94488536155203
755,90,28.94488536155203
760,90,28.94488536155203
765,90,28.94488536155203
770,90,28.94488536155203
775,90,28.94488536155203
780,90,28.94488536155203
785,90,28.94488536155203
790,90,28.94488536155203
795,90,28.94488536155203
800,90,28.94488536155203
805,90,28.94488536155203
810,90,28.94488536155203
815,90,28.94488536155203
820,90,28.94488536155203
825,90,28.94488536155203
830,90,28.94488536155203
835,90,28.94488536155203
840,90,28.94488536155203
845,90,28.94488536155203
850,90,28.94488536155203
855,90,28.94488536155203
860,90,28.94488536155203
865,90,28.94488536155203
870,90,28.94488536155203
875,90,28.94488536155203
880,90,28.94488536155203
885,90,28.94488536155203
890,90,28.94488536155203
895,90,28.94488536155203
900,90,28.94488536155203
905,90,28.94488536155203
910,90,28.94488536155203
915,90,28.94488536155203
920,90,28.94488536155203
925,90,28.94488536155203
930,90,28.94488536155203
935,90,28.94488536155203
940,90,28.94488536155203
945,90,28.94488536155203
950,90,28.94488536155203
955,90,28.94488536155203
960,90,28.94488536155203
965,90,28.94488536155203
970,90,28.94488536155203
975,90,28.94488536155203
980,90,28.94488536155203
985,90,28.94488536155203
990,90,28.94488536155203
995,90,28.94488536155203
1000,90,28.94488536155203
5,100,66.80851063829788
10,100,58.13703703703703
15,100,51.646597336252505
20,100,52.17003105590061
25,100,43.46792668957618
30,100,46.718901846452866
35,100,42.88095238095239
40,100,43.486507936507934
45,100,48.96666666666667
50,100,47.482142857142854
55,100,46.751190476190466
60,100,46.99563492063492
65,100,48.584523809523816
70,100,48.093253968253954
75,100,44.58412698412698
80,100,47.07142857142856
85,100,48.439285714285695
90,100,48.69285714285713
95,100,47.03650793650793
100,100,49.060714285714276
105,100,52.65873015873015
110,100,47.87222222222223
115,100,48.33055555555555
120,100,47.22619047619047
125,100,46.19047619047618
130,100,45.98452380952381
135,100,48.55396825396825
140,100,48.26230158730158
145,100,58.5015873015873
150,100,49.18888888888887
155,100,52.31071428571427
160,100,57.47936507936507
165,100,47.86825396825396
170,100,47.60873015873015
175,100,53.036507936507924
180,100,51.792460317460296
185,100,52.25912698412697
190,100,48.8376984126984
195,100,49.52380952380951
200,100,49.50992063492062
205,100,48.226587301587294
210,100,48.0265873015873
215,100,49.49603174603174
220,100,49.34325396825397
225,100,49.918253968253964
230,100,49.918253968253964
235,100,50.21825396825397
240,100,50.018253968253966
245,100,49.81825396825397
250,100,50.518253968253966
255,100,50.018253968253966
260,100,48.959920634920636
265,100,49.859920634920634
270,100,48.959920634920636
275,100,48.459920634920636
280,100,49.484920634920634
285,100,49.984920634920634
290,100,49.15992063492064
295,100,49.484920634920634
300,100,49.484920634920634
305,100,49.359920634920634
310,100,49.21706349206349
315,100,45.82261904761904
320,100,45.205952380952375
325,100,49.81825396825397
330,100,50.88492063492063
335,100,49.81825396825397
340,100,50.518253968253966
345,100,50.018253968253966
350,100,50.018253968253966
355,100,50.518253968253966
360,100,50.518253968253966
365,100,51.02777777777777
370,100,50.88492063492063
375,100,50.88492063492063
380,100,50.18492063492064
385,100,51.02777777777777
390,100,51.02777777777777
395,100,51.02777777777777
400,100,51.02777777777777
405,100,51.02777777777777
410,100,51.02777777777777
415,100,51.02777777777777
420,100,51.02777777777777
425,100,51.02777777777777
430,100,51.02777777777777
435,100,51.02777777777777
440,100,50.827777777777776
445,100,50.827777777777776
450,100,48.63373015873015
455,100,50.827777777777776
460,100,48.80039682539681
465,100,51.02777777777777
470,100,29.763888888888886
475,100,29.763888888888886
480,100,29.513888888888886
485,100,50.52777777777777
490,100,29.513888888888886
495,100,49.78373015873016
500,100,29.513888888888886
505,100,29.513888888888886
510,100,29.513888888888886
515,100,49.78373015873016
520,100,29.513888888888886
525,100,29.513888888888886
530,100,29.513888888888886
535,100,29.513888888888886
540,100,29.513888888888886
545,100,50.19444444444444
550,100,50.19444444444444
555,100,29.513888888888886
560,100,29.513888888888886
565,100,51.02777777777777
570,100,29.513888888888886
575,100,29.513888888888886
580,100,29.513888888888886
585,100,29.513888888888886
590,100,29.513888888888886
595,100,29.513888888888886
600,100,29.513888888888886
605,100,29.513888888888886
610,100,29.513888888888886
615,100,29.513888888888886
620,100,29.513888888888886
625,100,29.513888888888886
630,100,29.513888888888886
635,100,29.513888888888886
640,100,29.513888888888886
645,100,29.513888888888886
650,100,29.513888888888886
655,100,29.513888888888886
660,100,29.513888888888886
665,100,29.513888888888886
670,100,29.513888888888886
675,100,29.513888888888886
680,100,29.513888888888886
685,100,29.513888888888886
690,100,29.513888888888886
695,100,29.763888888888886
700,100,29.513888888888886
705,100,29.513888888888886
710,100,29.513888888888886
715,100,29.513888888888886
720,100,29.513888888888886
725,100,29.513888888888886
730,100,29.513888888888886
735,100,29.513888888888886
740,100,29.513888888888886
745,100,29.513888888888886
750,100,29.513888888888886
755,100,29.513888888888886
760,100,29.513888888888886
765,100,29.513888888888886
770,100,29.513888888888886
775,100,29.513888888888886
780,100,29.513888888888886
785,100,29.513888888888886
790,100,29.513888888888886
795,100,29.513888888888886
800,100,29.513888888888886
805,100,29.513888888888886
810,100,29.513888888888886
815,100,29.513888888888886
820,100,29.513888888888886
825,100,29.513888888888886
830,100,29.513888888888886
835,100,29.513888888888886
840,100,29.513888888888886
845,100,29.513888888888886
850,100,29.513888888888886
855,100,29.513888888888886
860,100,29.513888888888886
865,100,29.513888888888886
870,100,29.513888888888886
875,100,29.513888888888886
880,100,29.513888888888886
885,100,29.513888888888886
890,100,29.513888888888886
895,100,29.513888888888886
900,100,29.513888888888886
905,100,29.513888888888886
910,100,29.513888888888886
915,100,29.513888888888886
920,100,29.513888888888886
925,100,29.513888888888886
930,100,29.513888888888886
935,100,29.513888888888886
940,100,29.513888888888886
945,100,29.513888888888886
950,100,29.513888888888886
955,100,29.513888888888886
960,100,29.513888888888886
965,100,29.513888888888886
970,100,29.513888888888886
975,100,29.513888888888886
980,100,29.513888888888886
985,100,29.513888888888886
990,100,29.513888888888886
995,100,29.513888888888886
1000,100,29.513888888888886
5,150,66.12325882734048
10,150,60.957049486461244
15,150,63.47526097526095
20,150,66.9509548611111
25,150,68.44508636788049
30,150,61.14763054980446
35,150,62.921662669864126
40,150,58.287740628166155
45,150,53.74402043922589
50,150,51.01136851136849
55,150,51.938052625972084
60,150,48.38465608465611
65,150,46.8272486772487
70,150,46.35873015873017
75,150,46.84867724867725
80,150,41.860317460317454
85,150,44.21455026455026
90,150,44.84126984126983
95,150,43.8058201058201
100,150,40.30793650793651
105,150,42.94629629629629
110,150,42.79153439153438
115,150,44.872486772486745
120,150,49.88306878306877
125,150,46.121693121693106
130,150,51.72169312169311
135,150,44.7047619047619
140,150,54.630952380952365
145,150,47.47222222222223
150,150,52.067460317460316
155,150,56.02169312169312
160,150,49.56481481481481
165,150,43.27539682539683
170,150,51.069576719576716
175,150,47.53148148148148
180,150,60.7357142857143
185,150,59.451587301587324
190,150,57.39894179894179
195,150,56.455555555555534
200,150,51.633862433862426
205,150,51.95079365079365
210,150,58.93333333333332
215,150,53.570105820105816
220,150,50.794444444444444
225,150,50.79100529100529
230,150,55.52724867724868
235,150,53.99126984126984
240,150,58.165873015873004
245,150,57.88703703703702
250,150,58.42962962962964
255,150,55.90502645502645
260,150,54.22962962962963
265,150,55.314550264550256
270,150,55.48121693121693
275,150,55.61455026455026
280,150,54.27407407407407
285,150,55.42645502645503
290,150,56.82169312169311
295,150,53.87566137566137
300,150,54.779365079365085
305,150,53.63333333333334
310,150,55.25343915343917
315,150,50.690740740740736
320,150,58.104232804232794
325,150,52.474074074074075
330,150,57.043121693121684
335,150,55.80608465608465
340,150,75.24417989417991
345,150,52.07777777777778
350,150,55.17010582010583
355,150,55.17010582010583
360,150,54.92566137566138
365,150,53.5952380952381
370,150,52.31375661375662
375,150,53.54338624338625
380,150,52.110052910052914
385,150,56.53968253968253
390,150,52.64444444444446
395,150,49.289947089947105
400,150,53.862962962962975
405,150,54.017460317460326
410,150,54.0915343915344
415,150,54.34708994708995
420,150,53.655555555555566
425,150,54.34708994708995
430,150,54.08518518518519
435,150,54.17777777777778
440,150,53.37777777777778
445,150,53.58518518518519
450,150,55.021164021164026
455,150,53.02222222222223
460,150,54.61375661375662
465,150,53.22962962962964
470,150,47.484920634920634
475,150,53.94708994708995
480,150,52.107407407407415
485,150,52.18148148148149
490,150,53.54708994708995
495,150,53.05820105820106
500,150,52.72222222222222
505,150,51.19470899470902
510,150,52.92962962962963
515,150,53.024867724867725
520,150,52.574074074074076
525,150,52.574074074074076
530,150,52.95079365079365
535,150,52.42592592592593
540,150,52.74338624338624
545,150,52.354497354497354
550,150,53.458201058201055
555,150,52.89153439153439
560,150,51.72486772486772
565,150,52.261904761904766
570,150,53.45079365079365
575,150,51.48042328042328
580,150,52.31746031746032
585,150,32.306878306878325
590,150,52.24338624338625
595,150,53.791534391534384
600,150,53.139682539682546
605,150,32.17354497354499
610,150,51.530687830687846
615,150,32.306878306878325
620,150,52.80634920634921
625,150,31.373544973544977
630,150,53.27301587301587
635,150,51.797354497354505
640,150,32.306878306878325
645,150,32.04021164021165
650,150,32.306878306878325
655,150,32.306878306878325
660,150,51.601851851851855
665,150,32.306878306878325
670,150,32.306878306878325
675,150,32.306878306878325
680,150,32.306878306878325
685,150,32.306878306878325
690,150,32.306878306878325
695,150,32.306878306878325
700,150,32.306878306878325
705,150,32.306878306878325
710,150,32.306878306878325
715,150,32.306878306878325
720,150,32.306878306878325
725,150,32.306878306878325
730,150,32.306878306878325
735,150,32.306878306878325
740,150,53.22116402116403
745,150,32.306878306878325
750,150,32.306878306878325
755,150,53.2952380952381
760,150,32.306878306878325
765,150,32.306878306878325
770,150,32.306878306878325
775,150,32.306878306878325
780,150,53.62857142857143
785,150,53.70264550264551
790,150,32.640211640211646
795,150,53.46190476190476
800,150,53.366666666666674
805,150,32.640211640211646
810,150,32.306878306878325
815,150,53.98412698412698
820,150,32.306878306878325
825,150,32.306878306878325
830,150,53.98412698412698
835,150,32.306878306878325
840,150,32.306878306878325
845,150,53.87301587301587
850,150,32.306878306878325
855,150,32.306878306878325
860,150,32.306878306878325
865,150,32.306878306878325
870,150,32.306878306878325
875,150,32.306878306878325
880,150,32.306878306878325
885,150,32.306878306878325
890,150,32.306878306878325
895,150,32.306878306878325
900,150,32.306878306878325
905,150,32.306878306878325
910,150,32.306878306878325
915,150,32.306878306878325
920,150,32.306878306878325
925,150,32.306878306878325
930,150,53.81375661375662
935,150,32.306878306878325
940,150,32.306878306878325
945,150,32.306878306878325
950,150,32.306878306878325
955,150,32.306878306878325
960,150,32.306878306878325
965,150,32.306878306878325
970,150,32.306878306878325
975,150,32.306878306878325
980,150,32.306878306878325
985,150,32.306878306878325
990,150,32.306878306878325
995,150,32.306878306878325
1000,150,32.306878306878325
